[
  {
    "id": "3e560040-b243-43d8-a42e-1be3e0ca78c8",
    "data": [
      {
        "text": "aprender ",
        "userDefined": false
      },
      {
        "text": "javascript",
        "meta": "@sys.any",
        "alias": "objeto",
        "userDefined": true
      },
      {
        "text": " con los mejores",
        "userDefined": false
      }
    ],
    "isTemplate": false,
    "count": 0,
    "lang": "es",
    "updated": 0
  },
  {
    "id": "f4a98af0-0e33-4b40-80b9-15590bde2b47",
    "data": [
      {
        "text": "quiero aprender ",
        "userDefined": false
      },
      {
        "text": "java",
        "meta": "@sys.any",
        "alias": "objeto",
        "userDefined": true
      },
      {
        "text": " con los mejores maestros",
        "userDefined": false
      }
    ],
    "isTemplate": false,
    "count": 0,
    "lang": "es",
    "updated": 0
  },
  {
    "id": "3183edf1-dd4d-4265-a1fb-33f08f01bfd6",
    "data": [
      {
        "text": "donde estudiar ",
        "userDefined": false
      },
      {
        "text": "computacion",
        "meta": "@sys.any",
        "alias": "objeto",
        "userDefined": false
      }
    ],
    "isTemplate": false,
    "count": 0,
    "lang": "es",
    "updated": 0
  },
  {
    "id": "7861153b-ebe6-40a6-9d74-bcf93a7f2c2c",
    "data": [
      {
        "text": "sitio de ",
        "userDefined": false
      },
      {
        "text": "cursos",
        "userDefined": false
      }
    ],
    "isTemplate": false,
    "count": 0,
    "lang": "es",
    "updated": 0
  },
  {
    "id": "0d4b3bf1-0d01-45b5-88a7-ea59f175875b",
    "data": [
      {
        "text": "openbootcamp ",
        "userDefined": false
      },
      {
        "text": "java",
        "meta": "@sys.any",
        "alias": "objeto",
        "userDefined": true
      }
    ],
    "isTemplate": false,
    "count": 0,
    "lang": "es",
    "updated": 0
  },
  {
    "id": "351f53d3-2bd9-43ac-a9b3-e5f3db2934e8",
    "data": [
      {
        "text": "openbootcamp",
        "userDefined": false
      }
    ],
    "isTemplate": false,
    "count": 0,
    "lang": "es",
    "updated": 0
  },
  {
    "id": "b47bf6e7-1076-405a-a7bb-48f91f9e1672",
    "data": [
      {
        "text": "donde puedo aprender ",
        "userDefined": false
      },
      {
        "text": "javascript",
        "meta": "@sys.any",
        "alias": "objeto",
        "userDefined": true
      }
    ],
    "isTemplate": false,
    "count": 0,
    "lang": "es",
    "updated": 0
  },
  {
    "id": "3bd2570c-fd16-47ca-b9ab-79b7020c9bc1",
    "data": [
      {
        "text": "donde aprender ",
        "userDefined": false
      },
      {
        "text": "javascript",
        "meta": "@sys.any",
        "alias": "objeto",
        "userDefined": true
      }
    ],
    "isTemplate": false,
    "count": 0,
    "lang": "es",
    "updated": 0
  },
  {
    "id": "8ad62c03-5cc0-49bf-b1d9-27f5932773bb",
    "data": [
      {
        "text": "sitios para estudiar ",
        "userDefined": false
      },
      {
        "text": "gratis",
        "userDefined": false
      }
    ],
    "isTemplate": false,
    "count": 0,
    "lang": "es",
    "updated": 0
  },
  {
    "id": "a004c42b-a7b7-4738-a770-01a4cfd87342",
    "data": [
      {
        "text": "estudiar ",
        "userDefined": false
      },
      {
        "text": "python",
        "meta": "@sys.any",
        "alias": "objeto",
        "userDefined": true
      }
    ],
    "isTemplate": false,
    "count": 0,
    "lang": "es",
    "updated": 0
  },
  {
    "id": "9e86ed7a-8332-4fe8-b859-481465c06ca6",
    "data": [
      {
        "text": "sitio para ",
        "userDefined": false
      },
      {
        "text": "cursos",
        "userDefined": false
      }
    ],
    "isTemplate": false,
    "count": 0,
    "lang": "es",
    "updated": 0
  },
  {
    "id": "3fcc3036-a906-4d0b-8a1c-c58cb6b68a51",
    "data": [
      {
        "text": "curso de ",
        "userDefined": false
      },
      {
        "text": "java",
        "meta": "@sys.any",
        "alias": "objeto",
        "userDefined": true
      }
    ],
    "isTemplate": false,
    "count": 0,
    "lang": "es",
    "updated": 0
  },
  {
    "id": "943ffd38-f773-41a4-a5f0-a272616f0452",
    "data": [
      {
        "text": "sitios para estudiar",
        "userDefined": false
      }
    ],
    "isTemplate": false,
    "count": 0,
    "lang": "es",
    "updated": 0
  },
  {
    "id": "93f70ae5-f76f-40be-ad80-012972438e6d",
    "data": [
      {
        "text": "donde puedo estudiar",
        "userDefined": false
      }
    ],
    "isTemplate": false,
    "count": 0,
    "lang": "es",
    "updated": 0
  },
  {
    "id": "3ad7f21e-1483-424c-851d-c88c832cfa2b",
    "data": [
      {
        "text": "quiero seguir estudiando",
        "userDefined": false
      }
    ],
    "isTemplate": false,
    "count": 0,
    "lang": "es",
    "updated": 0
  },
  {
    "id": "c443fab1-8de3-44db-bda5-a3c7079837e2",
    "data": [
      {
        "text": "cursos",
        "userDefined": false
      },
      {
        "text": " ",
        "userDefined": false
      },
      {
        "text": "gratis",
        "userDefined": false
      }
    ],
    "isTemplate": false,
    "count": 0,
    "lang": "es",
    "updated": 0
  }
]