[
  {
    "id": "4d73b786-d37d-4f20-9392-07f076bd6d86",
    "data": [
      {
        "text": "dime el significado de ",
        "userDefined": false
      },
      {
        "text": "cielo",
        "meta": "@sys.any",
        "alias": "objeto",
        "userDefined": true
      }
    ],
    "isTemplate": false,
    "count": 0,
    "lang": "es",
    "updated": 0
  },
  {
    "id": "ef7bcb2b-c61c-4ff7-9b2f-517e1a650c10",
    "data": [
      {
        "text": "sitio de diccionarios",
        "userDefined": false
      }
    ],
    "isTemplate": false,
    "count": 0,
    "lang": "es",
    "updated": 0
  },
  {
    "id": "1f81ff9f-0f4c-413a-b926-28f3b097803c",
    "data": [
      {
        "text": "significado de ",
        "userDefined": false
      },
      {
        "text": "carro",
        "meta": "@sys.any",
        "alias": "objeto",
        "userDefined": false
      }
    ],
    "isTemplate": false,
    "count": 0,
    "lang": "es",
    "updated": 0
  },
  {
    "id": "9253ed0f-16d9-491e-8976-b7fed0fbb1b9",
    "data": [
      {
        "text": "definicion de ",
        "userDefined": false
      },
      {
        "text": "computadora",
        "meta": "@sys.any",
        "alias": "objeto",
        "userDefined": true
      }
    ],
    "isTemplate": false,
    "count": 0,
    "lang": "es",
    "updated": 0
  },
  {
    "id": "be0d3076-20a9-4685-966a-c155de9dcec8",
    "data": [
      {
        "text": "define ",
        "userDefined": false
      },
      {
        "text": "enfermeria",
        "meta": "@sys.any",
        "alias": "objeto",
        "userDefined": true
      }
    ],
    "isTemplate": false,
    "count": 0,
    "lang": "es",
    "updated": 0
  }
]