[
  {
    "id": "03a1fbca-5a67-446f-817b-dc798d1bd9fd",
    "data": [
      {
        "text": "saber ",
        "userDefined": false
      },
      {
        "text": "ventajas y desventajas de la enfermeria",
        "meta": "@sys.any",
        "alias": "objeto",
        "userDefined": true
      }
    ],
    "isTemplate": false,
    "count": 0,
    "lang": "es",
    "updated": 0
  },
  {
    "id": "0e26979f-6d67-4e25-93d5-08fb0276fb6d",
    "data": [
      {
        "text": "investigaciones de ",
        "userDefined": false
      },
      {
        "text": "laparoscopia",
        "meta": "@sys.any",
        "alias": "objeto",
        "userDefined": true
      }
    ],
    "isTemplate": false,
    "count": 0,
    "lang": "es",
    "updated": 0
  },
  {
    "id": "341e81ad-203c-4c7f-b95b-855959fad1cb",
    "data": [
      {
        "text": "articulos sobre ",
        "userDefined": false
      },
      {
        "text": "enfermeria",
        "meta": "@sys.any",
        "alias": "objeto",
        "userDefined": true
      }
    ],
    "isTemplate": false,
    "count": 0,
    "lang": "es",
    "updated": 0
  },
  {
    "id": "62621fd3-d61f-4ff8-8888-7148725e6e4a",
    "data": [
      {
        "text": "sitios para buscar articulos",
        "userDefined": false
      }
    ],
    "isTemplate": false,
    "count": 0,
    "lang": "es",
    "updated": 0
  },
  {
    "id": "0c486490-437d-425f-abbb-0f3cabcdf723",
    "data": [
      {
        "text": "sitios cientificos",
        "userDefined": false
      }
    ],
    "isTemplate": false,
    "count": 0,
    "lang": "es",
    "updated": 0
  },
  {
    "id": "932bfff1-5633-45a9-ba0c-5f06bf41e937",
    "data": [
      {
        "text": "donde investigar",
        "userDefined": false
      }
    ],
    "isTemplate": false,
    "count": 0,
    "lang": "es",
    "updated": 0
  }
]