[
  {
    "id": "90b52f6c-5880-4c20-8ca4-5fc2116c2a95",
    "data": [
      {
        "text": "muestrame ",
        "userDefined": false
      },
      {
        "text": "bootcamp",
        "meta": "@sys.any",
        "alias": "objeto",
        "userDefined": true
      },
      {
        "text": " en varias tipografias",
        "userDefined": false
      }
    ],
    "isTemplate": false,
    "count": 0,
    "lang": "es",
    "updated": 0
  },
  {
    "id": "1fb87fbe-bd58-40e4-a961-4a81443ef03e",
    "data": [
      {
        "text": "como se veria ",
        "userDefined": false
      },
      {
        "text": "bruno",
        "meta": "@sys.any",
        "alias": "objeto",
        "userDefined": false
      },
      {
        "text": " ",
        "userDefined": false
      },
      {
        "text": "en",
        "userDefined": false
      },
      {
        "text": " diferentes letras",
        "userDefined": false
      }
    ],
    "isTemplate": false,
    "count": 0,
    "lang": "es",
    "updated": 0
  },
  {
    "id": "b3307bd1-56da-4319-9052-f95ab42f99e0",
    "data": [
      {
        "text": "bruno",
        "meta": "@sys.any",
        "alias": "objeto",
        "userDefined": false
      },
      {
        "text": " en diferentes ",
        "userDefined": false
      },
      {
        "text": "fuentes",
        "userDefined": false
      }
    ],
    "isTemplate": false,
    "count": 0,
    "lang": "es",
    "updated": 0
  },
  {
    "id": "c43b229f-4104-4a53-892f-b1561ecb1a58",
    "data": [
      {
        "text": "descargar tipografias",
        "userDefined": false
      }
    ],
    "isTemplate": false,
    "count": 0,
    "lang": "es",
    "updated": 0
  },
  {
    "id": "8c8f4d4a-75a8-4c17-b22f-705be7636242",
    "data": [
      {
        "text": "descargar ",
        "userDefined": false
      },
      {
        "text": "fuentes",
        "userDefined": false
      },
      {
        "text": "  ",
        "userDefined": false
      },
      {
        "text": "bruno",
        "meta": "@sys.any",
        "alias": "objeto",
        "userDefined": true
      }
    ],
    "isTemplate": false,
    "count": 0,
    "lang": "es",
    "updated": 0
  },
  {
    "id": "2c8e2202-7e86-4f56-906f-29168448d41e",
    "data": [
      {
        "text": "buscar ",
        "userDefined": false
      },
      {
        "text": "fuentes",
        "userDefined": false
      }
    ],
    "isTemplate": false,
    "count": 0,
    "lang": "es",
    "updated": 0
  },
  {
    "id": "3afbcd97-146b-420a-9359-def8c91a12ee",
    "data": [
      {
        "text": "tipografias ",
        "userDefined": false
      },
      {
        "text": "gratuitas",
        "userDefined": false
      }
    ],
    "isTemplate": false,
    "count": 1,
    "lang": "es",
    "updated": 0
  },
  {
    "id": "3511c3e5-dc8e-4729-9bcb-008e4d677589",
    "data": [
      {
        "text": "sitios de fonts",
        "userDefined": false
      }
    ],
    "isTemplate": false,
    "count": 0,
    "lang": "es",
    "updated": 0
  },
  {
    "id": "87229fca-945e-4850-95b8-0ec2479a1bad",
    "data": [
      {
        "text": "sitio ",
        "userDefined": false
      },
      {
        "text": "de fuentes",
        "userDefined": false
      }
    ],
    "isTemplate": false,
    "count": 0,
    "lang": "es",
    "updated": 0
  },
  {
    "id": "b8f89ac7-f78b-4190-962e-e6f28a662dc6",
    "data": [
      {
        "text": "fuentes",
        "userDefined": false
      },
      {
        "text": " ",
        "userDefined": false
      },
      {
        "text": "gratuitas",
        "userDefined": false
      }
    ],
    "isTemplate": false,
    "count": 0,
    "lang": "es",
    "updated": 0
  }
]