[
  {
    "id": "2529f2db-151e-4389-838f-43ad720dfe78",
    "data": [
      {
        "text": "sitio de ilustraciones",
        "userDefined": false
      }
    ],
    "isTemplate": false,
    "count": 0,
    "lang": "es",
    "updated": 0
  },
  {
    "id": "5168e45c-d590-4c9d-b383-d23d099dce78",
    "data": [
      {
        "text": "descargar iconos",
        "userDefined": false
      }
    ],
    "isTemplate": false,
    "count": 0,
    "lang": "es",
    "updated": 0
  },
  {
    "id": "dff713d7-0121-4fec-b2a6-4c62ea538948",
    "data": [
      {
        "text": "perros",
        "meta": "@sys.any",
        "alias": "objeto",
        "userDefined": true
      },
      {
        "text": " imagenes",
        "userDefined": false
      }
    ],
    "isTemplate": false,
    "count": 0,
    "lang": "es",
    "updated": 0
  },
  {
    "id": "9d9ea240-8d41-4acb-b220-c407b492c6b7",
    "data": [
      {
        "text": "sitios para descargar imagenes",
        "userDefined": false
      }
    ],
    "isTemplate": false,
    "count": 0,
    "lang": "es",
    "updated": 0
  },
  {
    "id": "3363d28c-8821-4b62-bae8-6bcefef01134",
    "data": [
      {
        "text": "imagenes de ",
        "userDefined": false
      },
      {
        "text": "perros",
        "meta": "@sys.any",
        "alias": "objeto",
        "userDefined": false
      }
    ],
    "isTemplate": false,
    "count": 0,
    "lang": "es",
    "updated": 0
  },
  {
    "id": "c7a43c8d-91b1-46da-9b11-dfee99765980",
    "data": [
      {
        "text": "ilustraciones",
        "userDefined": false
      }
    ],
    "isTemplate": false,
    "count": 0,
    "lang": "es",
    "updated": 0
  },
  {
    "id": "d0f22eef-1b01-4829-9a62-8aafbf287572",
    "data": [
      {
        "text": "download picture",
        "userDefined": false
      }
    ],
    "isTemplate": false,
    "count": 0,
    "lang": "es",
    "updated": 0
  },
  {
    "id": "73058ea1-75d3-457f-b179-b1c412ae966c",
    "data": [
      {
        "text": "descargar imagenes",
        "userDefined": false
      }
    ],
    "isTemplate": false,
    "count": 0,
    "lang": "es",
    "updated": 0
  }
]