[
  {
    "id": "02d82e42-d2c2-4d78-b0ee-0d31f3339def",
    "data": [
      {
        "text": "ver online ",
        "userDefined": false
      },
      {
        "text": "nanatsu no tazai",
        "meta": "@sys.any",
        "alias": "objeto",
        "userDefined": true
      }
    ],
    "isTemplate": false,
    "count": 0,
    "lang": "es",
    "updated": 0
  },
  {
    "id": "22327f84-d9c4-49a7-b4df-dbe22252b573",
    "data": [
      {
        "text": "lucifer",
        "meta": "@sys.any",
        "alias": "objeto",
        "userDefined": true
      },
      {
        "text": " online",
        "userDefined": false
      }
    ],
    "isTemplate": false,
    "count": 0,
    "lang": "es",
    "updated": 0
  },
  {
    "id": "5453485e-a5b4-44d7-8c53-e323cb5acf0e",
    "data": [
      {
        "text": "watch ",
        "userDefined": false
      },
      {
        "text": "lucifer",
        "meta": "@sys.any",
        "alias": "objeto",
        "userDefined": true
      }
    ],
    "isTemplate": false,
    "count": 0,
    "lang": "es",
    "updated": 0
  },
  {
    "id": "c3f767c3-ed28-4c92-abc0-4dc4d3f655df",
    "data": [
      {
        "text": "quiero ver ",
        "userDefined": false
      },
      {
        "text": "lucifer",
        "meta": "@sys.any",
        "alias": "objeto",
        "userDefined": true
      }
    ],
    "isTemplate": false,
    "count": 0,
    "lang": "es",
    "updated": 0
  },
  {
    "id": "4016df95-967c-435e-9854-b7bc85e15cc6",
    "data": [
      {
        "text": "donde puedo ver la serie de ",
        "userDefined": false
      },
      {
        "text": "lucifer",
        "meta": "@sys.any",
        "alias": "objeto",
        "userDefined": true
      }
    ],
    "isTemplate": false,
    "count": 0,
    "lang": "es",
    "updated": 0
  },
  {
    "id": "88d81c56-de92-47eb-b8d1-3049b46cfff9",
    "data": [
      {
        "text": "ver la serie de ",
        "userDefined": false
      },
      {
        "text": "lucifer",
        "meta": "@sys.any",
        "alias": "objeto",
        "userDefined": true
      }
    ],
    "isTemplate": false,
    "count": 0,
    "lang": "es",
    "updated": 0
  },
  {
    "id": "a45e087d-0053-4052-a678-1be3c2ebc3cc",
    "data": [
      {
        "text": "serie ",
        "userDefined": false
      },
      {
        "text": "bety la fea",
        "meta": "@sys.any",
        "alias": "objeto",
        "userDefined": false
      }
    ],
    "isTemplate": false,
    "count": 0,
    "lang": "es",
    "updated": 0
  },
  {
    "id": "7f2ce533-167e-43a0-bee2-0e71efd13495",
    "data": [
      {
        "text": "pelicula ",
        "userDefined": false
      },
      {
        "text": "la vida es bella",
        "meta": "@sys.any",
        "alias": "objeto",
        "userDefined": true
      }
    ],
    "isTemplate": false,
    "count": 0,
    "lang": "es",
    "updated": 0
  },
  {
    "id": "4f7089a2-d6f8-406c-91c9-4bb0e477cff8",
    "data": [
      {
        "text": "tv online",
        "userDefined": false
      }
    ],
    "isTemplate": false,
    "count": 0,
    "lang": "es",
    "updated": 0
  },
  {
    "id": "c2c0cb4a-9cdd-46ad-b652-26bd180c3c6e",
    "data": [
      {
        "text": "ver ",
        "userDefined": false
      },
      {
        "text": "television",
        "userDefined": false
      },
      {
        "text": " en linea",
        "userDefined": false
      }
    ],
    "isTemplate": false,
    "count": 0,
    "lang": "es",
    "updated": 0
  },
  {
    "id": "b9dd418d-5820-4dbd-95a1-2c0d3c765121",
    "data": [
      {
        "text": "sitio de series",
        "userDefined": false
      }
    ],
    "isTemplate": false,
    "count": 0,
    "lang": "es",
    "updated": 0
  },
  {
    "id": "c8d35a83-e2f4-43c6-8525-74b616b10078",
    "data": [
      {
        "text": "donde ver peliculas",
        "userDefined": false
      }
    ],
    "isTemplate": false,
    "count": 0,
    "lang": "es",
    "updated": 0
  }
]