[
  {
    "id": "e7329703-c7ae-499b-9fd1-5399e79b11d2",
    "data": [
      {
        "text": "hola como estas ",
        "userDefined": false
      },
      {
        "text": "en",
        "userDefined": false
      },
      {
        "text": " ",
        "userDefined": false
      },
      {
        "text": "ingles",
        "userDefined": false
      }
    ],
    "isTemplate": false,
    "count": 0,
    "lang": "es",
    "updated": 0
  },
  {
    "id": "62682128-83c4-431b-83c6-693ef5a14031",
    "data": [
      {
        "text": "traducir ",
        "userDefined": false
      },
      {
        "text": "hola como estas?",
        "meta": "@sys.any",
        "alias": "objeto",
        "userDefined": true
      }
    ],
    "isTemplate": false,
    "count": 0,
    "lang": "es",
    "updated": 0
  },
  {
    "id": "6540e9e3-2754-4a8e-a9c0-8d590a322fed",
    "data": [
      {
        "text": "traducir ",
        "userDefined": false
      },
      {
        "text": "palabra",
        "meta": "@sys.any",
        "alias": "objeto",
        "userDefined": true
      }
    ],
    "isTemplate": false,
    "count": 0,
    "lang": "es",
    "updated": 0
  },
  {
    "id": "c9be3f79-489a-4b1f-b18a-371370e61d06",
    "data": [
      {
        "text": "español",
        "userDefined": false
      },
      {
        "text": " a ",
        "userDefined": false
      },
      {
        "text": "ingles",
        "userDefined": false
      },
      {
        "text": " ",
        "userDefined": false
      },
      {
        "text": "carro",
        "meta": "@sys.any",
        "alias": "objeto",
        "userDefined": true
      }
    ],
    "isTemplate": false,
    "count": 0,
    "lang": "es",
    "updated": 0
  }
]