[
  {
    "id": "17d265ea-052c-4c6c-8a54-36edfeecc2a4",
    "data": [
      {
        "text": "ver videos",
        "userDefined": false
      }
    ],
    "isTemplate": false,
    "count": 0,
    "lang": "es",
    "updated": 0
  },
  {
    "id": "a220072c-82d1-4730-8bc8-c928b70c0edc",
    "data": [
      {
        "text": "videos de ",
        "userDefined": false
      },
      {
        "text": "moenia",
        "meta": "@sys.any",
        "alias": "objeto",
        "userDefined": true
      }
    ],
    "isTemplate": false,
    "count": 0,
    "lang": "es",
    "updated": 0
  }
]